<?xml version="1.0" encoding="UTF-8"?>
<!DOCTYPE MudletPackage>
<MudletPackage version="1.001">
	<TriggerPackage>
		<TriggerGroup isActive="yes" isFolder="yes" isTempTrigger="no" isMultiline="no" isPerlSlashGOption="no" isColorizerTrigger="no" isFilterTrigger="no" isSoundTrigger="no" isColorTrigger="no" isColorTriggerFg="no" isColorTriggerBg="no">
			<name>CJH Triggers</name>
			<script></script>
			<triggerType>0</triggerType>
			<conditonLineDelta>0</conditonLineDelta>
			<mStayOpen>0</mStayOpen>
			<mCommand></mCommand>
			<packageName></packageName>
			<mFgColor>#ff0000</mFgColor>
			<mBgColor>#ffff00</mBgColor>
			<mSoundFile></mSoundFile>
			<colorTriggerFgColor>#000000</colorTriggerFgColor>
			<colorTriggerBgColor>#000000</colorTriggerBgColor>
			<regexCodeList />
			<regexCodePropertyList />
			<Trigger isActive="yes" isFolder="no" isTempTrigger="no" isMultiline="no" isPerlSlashGOption="no" isColorizerTrigger="yes" isFilterTrigger="no" isSoundTrigger="yes" isColorTrigger="no" isColorTriggerFg="no" isColorTriggerBg="no">
				<name>Disarm Trigger</name>
				<script>-- ** Alias to automatically pick up and wield weapons if you get disarmed.
-- I have it play a jarring wave file too
is_disarmed = true
disarm_counter = disarm_counter + 1
if string.match(line,"your") then
  weapon = string.match(line,"(%w+)!")
  send("get " .. weapon)
  send("wield " .. weapon)
end</script>
				<triggerType>0</triggerType>
				<conditonLineDelta>0</conditonLineDelta>
				<mStayOpen>0</mStayOpen>
				<mCommand></mCommand>
				<packageName></packageName>
				<mFgColor>#fbff00</mFgColor>
				<mBgColor>#2b1ae7</mBgColor>
				<mSoundFile>C:/Windows/media/ringout.wav</mSoundFile>
				<colorTriggerFgColor>#000000</colorTriggerFgColor>
				<colorTriggerBgColor>#000000</colorTriggerBgColor>
				<regexCodeList>
					<string>DISARMS</string>
				</regexCodeList>
				<regexCodePropertyList>
					<integer>0</integer>
				</regexCodePropertyList>
			</Trigger>
			<Trigger isActive="yes" isFolder="no" isTempTrigger="no" isMultiline="no" isPerlSlashGOption="no" isColorizerTrigger="yes" isFilterTrigger="no" isSoundTrigger="no" isColorTrigger="no" isColorTriggerFg="no" isColorTriggerBg="no">
				<name>Prompt Trigger - tracking stuff in the prompt</name>
				<script>-- *** Trigger to keep track of mana and report fight status ***
-- Updated 5/27/2019 CJH
-- This trigger requires prompts like the stype below - with char name in [] and a special fight in the fprompt, e.g. 
-- prompt [Aesatchien] HP:%h/%H &amp;CMana:%m/%M &amp;GMvs:%v/%V &amp;c%E &amp;wLev:%X &amp;R(%n:%c)&amp;w
-- fprompt [Achernar] HP:%h/%H &amp;CMana:%m/%M &amp;YSty:%S &amp;G%L &amp;R(%n:%c)&amp;w &lt;&gt;

-- n.b. line is the entire line, matches[1] is the whole matched regexp, matches 2 and 3 are hp and mana

-- *** Values specific to this instance of the trigger ***
-- should just make all of these general so we don't need the trigger's match[] table
input=matches[1]
hp = tonumber(matches[2])
if matches[3] then mana = tonumber(matches[3]) else mana = 0 end  -- for the folks who dont have mana
if string.match(line,"Mana:%d+/(%d+)") then max_mana = tonumber(string.match(line,"Mana:%d+/(%d+)")) end
if string.match(string.gsub(line,",",""),"Lev:(%d+)") then xp = tonumber(string.match(string.gsub(line,",",""),"Lev:(%d+)")) end
line_number = getLastLineNumber("main")

-- *** Initialization of per session variables - check it once, recompile initialization script if they change in-session***
if not is_initialized then
	initialize(line)
	is_initialized = true
end

-- *** Track and report fights though this function ***
if is_fight_tracking then fight_club(line) end

-- *** Trigger mana reminders for resting ***
if is_tick_tracking then tick_tracker() end

-- *** Trigger group check ***
if is_group_tracking then 
  is_group_tracking = false
	group_update(line_number) 
end


-- *** Clean up for next trigger, keep previous values for scripts that need them ***
old_mana = mana; old_hp = hp; old_line_number = line_number

--Debugging stuff
-- cecho("\nInput line: " .. line)
-- cecho("\nTrigger vars: " .. line_number .. " " .. chartype .." ".. hp .. " " .. mana .. " " .. xp )
-- *** Do i need healing or updates?  for example:
--if hp &lt; 50 then castweal('cl','self') end

</script>
				<triggerType>0</triggerType>
				<conditonLineDelta>0</conditonLineDelta>
				<mStayOpen>0</mStayOpen>
				<mCommand></mCommand>
				<packageName></packageName>
				<mFgColor>#ff0000</mFgColor>
				<mBgColor>#ffff00</mBgColor>
				<mSoundFile></mSoundFile>
				<colorTriggerFgColor>#000000</colorTriggerFgColor>
				<colorTriggerBgColor>#000000</colorTriggerBgColor>
				<regexCodeList>
					<string>^\[Cuar\] HP\:(\d+)\/.*Mana\:(\d+)</string>
					<string>^\[Aesatchien\] HP\:(\d+)\/.*Mana\:(\d+)</string>
					<string>^\[Achernar\] HP\:(\d+)\/.*Mana\:(\d+)</string>
				</regexCodeList>
				<regexCodePropertyList>
					<integer>1</integer>
					<integer>1</integer>
					<integer>1</integer>
				</regexCodePropertyList>
			</Trigger>
			<Trigger isActive="yes" isFolder="no" isTempTrigger="no" isMultiline="no" isPerlSlashGOption="no" isColorizerTrigger="no" isFilterTrigger="no" isSoundTrigger="no" isColorTrigger="no" isColorTriggerFg="no" isColorTriggerBg="no">
				<name>Chats</name>
				<script>-- *** CJH Generic chat trigger to send things to a special window.
cecho("chat_window", "&lt;green&gt;" .. getTime(true, "hh:mm:ss") .. "  ")
selectCurrentLine()
copy()
appendBuffer("chat_window")
--deleteLine()</script>
				<triggerType>0</triggerType>
				<conditonLineDelta>0</conditonLineDelta>
				<mStayOpen>0</mStayOpen>
				<mCommand></mCommand>
				<packageName></packageName>
				<mFgColor>#ff0000</mFgColor>
				<mBgColor>#ffff00</mBgColor>
				<mSoundFile></mSoundFile>
				<colorTriggerFgColor>#000000</colorTriggerFgColor>
				<colorTriggerBgColor>#000000</colorTriggerBgColor>
				<regexCodeList>
					<string>say </string>
					<string>says </string>
					<string>chats </string>
					<string>tells </string>
					<string>exclaim</string>
					<string>yell </string>
				</regexCodeList>
				<regexCodePropertyList>
					<integer>0</integer>
					<integer>0</integer>
					<integer>0</integer>
					<integer>0</integer>
					<integer>0</integer>
					<integer>0</integer>
				</regexCodePropertyList>
			</Trigger>
		</TriggerGroup>
	</TriggerPackage>
	<TimerPackage />
	<AliasPackage>
		<AliasGroup isActive="yes" isFolder="yes">
			<name>CJH Aliases</name>
			<script></script>
			<command></command>
			<packageName></packageName>
			<regex></regex>
			<Alias isActive="yes" isFolder="no">
				<name>Creations</name>
				<script>-- ** Alias to create food, water, etc
cecho("&lt;orange&gt;Using clerical powers to create ...\n")
if matches[2] == "f" then    
	if chartype=="cleric" then
  	send("cast 'create food'; eat mush")
	else
		send("cast 'feast of faith'; eat bread")
	end
elseif matches[2] == "h" then
	send("cast 'create holy water' skin")
elseif matches[2] == "sp" then
	send("cast 'create spring'")
elseif matches[2] == "sy" then
	send("cast 'create symbol'")
elseif matches[2] == "w" then
	send("cast 'create water' skin")
else
	cecho("Invalid option: ".. matches[2] .." sent to create alias\n")
end
</script>
				<command></command>
				<packageName></packageName>
				<regex>^cr (.+)$</regex>
			</Alias>
			<Alias isActive="yes" isFolder="no">
				<name>Spellbots</name>
				<script>-- ** Alias to get the spellbots to buff you up in about 30s or so
-- TODO: camp the spellbots when they are busy so I can learn the rest of the spells

cecho("&lt;orange&gt;Asking the spellbots for help ...\n")
--send("say invisibility")
x=2.0
tempTimer (1*x, [[send("say ogre might")]])
tempTimer (2*x, [[send("say dragon wit")]])
tempTimer (3*x, [[send("say sagacity")]])
tempTimer (4*x, [[send("say slink")]])
tempTimer (5*x, [[send("say trollish vigor")]])
tempTimer (6*x, [[send("say elven beauty")]])
tempTimer (7*x, [[send("say fly)]])
tempTimer (8*x, [[send("say fireshield")]])
tempTimer (9*x, [[send("say elemental supremacy")]])
tempTimer (10*x, [[send("say armor")]])
tempTimer (11*x, [[send("say protection")]])
tempTimer (12*x, [[send("say bless")]])
tempTimer (13*x, [[send("say shield")]])
tempTimer (14*x, [[send("say sanctuary")]])
tempTimer (15*x, [[send("say infravision")]])</script>
				<command></command>
				<packageName></packageName>
				<regex>^sbot</regex>
			</Alias>
			<Alias isActive="yes" isFolder="no">
				<name>Cast Detect (universal)</name>
				<script>-- catch the regexp, parse it, set targets, cast the appropriate spell
local spell = ""
local object = ""

spell, object = parseMatches()
castdetect(spell, object)


</script>
				<command></command>
				<packageName></packageName>
				<regex>^det(?: ((\w+) (\w+)|(\w+)))?$</regex>
			</Alias>
			<Alias isActive="yes" isFolder="no">
				<name>Cast Harm (universal)</name>
				<script>-- catch the regexp, parse it, set targets, cast the appropriate spell
local spell = ""
local object = ""

spell, object = parseMatches()


if object ~= "" then enemy = object end
if enemy == nil or enemy == "" or enemy == "-" then
	cecho("&lt;orange&gt;No enemy defined - not casting a harm spell.\n")
else
 castharm(spell, enemy)
end

</script>
				<command></command>
				<packageName></packageName>
				<regex>^harm(?: ((\w+) (\w+)|(\w+)))?$</regex>
			</Alias>
			<Alias isActive="yes" isFolder="no">
				<name>Cast weal (universal)</name>
				<script>-- catch the regexp, parse it, set targets, cast the appropriate spell
local spell = ""
local object = ""

spell, object = parseMatches()


if object ~= "" then target = object end
if target == nil or target == "" or target == "-" then
	cecho("&lt;orange&gt;No target defined - not casting a weal spell.\n")
else
 castweal(spell, target)
end

</script>
				<command></command>
				<packageName></packageName>
				<regex>^weal(?: ((\w+) (\w+)|(\w+)))?$</regex>
			</Alias>
			<Alias isActive="yes" isFolder="no">
				<name>Get Target</name>
				<script>--trying to check, set and reset target all in one regexp

--report
if matches[2] == nil or matches[2] == "?" then
	cecho("&lt;light_slate_blue&gt;Target is &lt;red&gt;"..target.."\n")

--reset
elseif matches[2] == "-" then
	target = ""
  cecho("&lt;light_slate_blue&gt;Reset target to none &lt;red&gt;"..target.."\n")
--change
else 
	target = matches[2]
	cecho("&lt;light_slate_blue&gt;My target is now: &lt;red&gt;"..target.."\n")
end</script>
				<command></command>
				<packageName></packageName>
				<regex>^target (.+)$</regex>
			</Alias>
			<Alias isActive="yes" isFolder="no">
				<name>Get Enemy</name>
				<script>--trying to check, set and reset enemy all in one regexp

--report
if matches[2] == nil or matches[2] == "?" then
	cecho("&lt;light_slate_blue&gt;Enemy is &lt;red&gt;"..enemy.."\n")

--reset
elseif matches[2] == "-" then
	enemy = ""
  cecho("&lt;light_slate_blue&gt;Reset enemy to none &lt;red&gt;"..enemy.."\n")
--change
else 
	enemy = matches[2]
	cecho("&lt;light_slate_blue&gt;My enemy is now: &lt;red&gt;"..enemy.."\n")
end</script>
				<command></command>
				<packageName></packageName>
				<regex>^enemy(?:\s(.*))$</regex>
			</Alias>
			<Alias isActive="yes" isFolder="no">
				<name>ls</name>
				<script>send("look")</script>
				<command></command>
				<packageName></packageName>
				<regex>^ls</regex>
			</Alias>
			<Alias isActive="yes" isFolder="no">
				<name>test alias</name>
				<script>-- ** generic test alais
--cecho("last line number was: " .. getLastLineNumber("main") .."\n")
--cecho("line 1000 was: " .. echo(getLines(1000-1, 1000)[1]).."\n")

-- display_fight_table()


is_group_tracking = true
group_start_line = 1 + getLastLineNumber("main")
send("group",false)
</script>
				<command></command>
				<packageName></packageName>
				<regex>^atest</regex>
			</Alias>
			<Alias isActive="yes" isFolder="no">
				<name>Rescue</name>
				<script>send("rescue Achernar")</script>
				<command></command>
				<packageName></packageName>
				<regex>^resc</regex>
			</Alias>
			<Alias isActive="yes" isFolder="no">
				<name>Toggle Fight Tracker</name>
				<script>
--*** Manually turn off the fight tracker in case it is screwing you over
if is_fight_tracking then 
	cecho("\n&lt;yellow&gt;Setting fight tracker to: OFF\n")
	is_fight_tracking = false
else
	cecho("\n&lt;yellow&gt;Setting fight tracker to: ON\n")
	is_fight_tracking = true
end</script>
				<command></command>
				<packageName></packageName>
				<regex>^toggle</regex>
			</Alias>
			<Alias isActive="yes" isFolder="no">
				<name>Toggle Geyser Consoles</name>
				<script>--*** Manually toggle the extra consoles
if is_consoles then 
	cecho("\n&lt;yellow&gt;Setting extra consoles to: OFF\n")
	right_container:hide()
	is_consoles = false
else
	cecho("\n&lt;yellow&gt;Setting extra consoles to: ON\n")
	right_container:show()
	is_consoles = true
end</script>
				<command></command>
				<packageName></packageName>
				<regex>^console</regex>
			</Alias>
		</AliasGroup>
	</AliasPackage>
	<ActionPackage />
	<ScriptPackage>
		<ScriptGroup isActive="yes" isFolder="yes">
			<name>CJH Scripts</name>
			<packageName></packageName>
			<script>-------------------------------------------------
--         Put your Lua functions here.        --
--                                             --
-- Note that you can also use external Scripts --
-------------------------------------------------


function castharm(char,object) 
  spell="cause light"
  if char=='cl' then spell='cause light' end
	if char=='cs' then spell='cause serious' end
	if char=='cc' then spell='cause critical' end
	if char=='bu' then spell='burden defense' end
	if char=='bl' then spell='blindness' end
	if char=='po' then spell='poison' end
	if char=='cu' then spell='curse' end
	
	if char=="" and object=="" then
		cecho("&lt;light_slate_blue&gt;*Cast harm with no arguments\n")
	elseif object=="" then
		cecho("&lt;light_slate_blue&gt;*Harming spell is: &lt;orange&gt;"..spell.."&lt;green&gt; with &lt;orange&gt;no &lt;green&gt;target " .. object.."\n")
	else
		cecho("&lt;light_slate_blue&gt;*Harming spell is: &lt;orange&gt;"..spell.."&lt;green&gt; with &lt;green&gt;target &lt;orange&gt;" .. object.."\n") 
	end
	send("cast '" .. spell .. "' " .. object)
end

function castweal(char,object) 
  spell="cure light"
  if char=='cl' then spell='cure light' end
	if char=='cs' then spell='cure serious' end
	if char=='cc' then spell='cure critical' end
	if char=='ar' then spell='armor' end
	if char=='bl' then spell='cure blindness' end
	if char=='po' then spell='cure poison' end
	if char=='rc' then spell='remove curse' end
	if char=='cu' then spell='remove curse' end
	
	if char=="" and object=="" then
		cecho("&lt;light_slate_blue&gt;*Cast weal with no arguments\n")
	elseif object=="" then
		cecho("&lt;light_slate_blue&gt;*Wealing spell is: &lt;orange&gt;"..spell.."&lt;green&gt; with &lt;orange&gt;no &lt;green&gt;target " .. object.."\n")
	else
		cecho("&lt;light_slate_blue&gt;*Wealing spell is: &lt;orange&gt;"..spell.."&lt;green&gt; with &lt;green&gt;target &lt;orange&gt;" .. object.."\n") 
	end
	send("cast '" .. spell .. "' " .. object)
end</script>
			<eventHandlerList />
			<Script isActive="yes" isFolder="no">
				<name>CJH Initialization</name>
				<packageName></packageName>
				<script>-- *** CJH setting up default global variables at the beginning of the session
-- Last update 6/2/2019

-- Console parameters
setConsoleBufferSize("main", 10000, 5000)  --default is only 1000 on the delete part
-- list of windows that i have to hide because mudlet apparently never forgets
hideWindow("cons_grp_stats")
hideWindow("group")

-- numbers
if old_hp == nil then old_hp = 0 end
if old_mana == nil then old_mana = 0 end
if round == nil then round = 0 end
if hit_counter == nil then hit_counter = 0; end
if secondary_counter == nil then secondary_counter = 0 end
previous_time = 0
quaff_counter = 0
disarm_counter = 0
max_mana = 0
elapsed_time = 0


-- booleans
is_initialized = false  -- check to tun though this script again in prompt trigger... not sure we need it anymore
is_tick_tracking = true
is_fight_tracking = true
is_auto_casting = true  -- have the clerics auto debuff the enemy in a fight ... not implemented yet
is_group_tracking = false  -- trying to capture the output of a group command
is_fighting = false
was_fighting = false 
if is_disarmed == nil then is_disarmed = false end

-- strings
if current_enemy == nil then current_enemy = "" end

-- *** Functions ***

function initialize(line)
if string.match(input,"Aesatchien") then	
	chartype="paladin" 
	secondaries = {"strike","spurn","punt","lunge"}
else  
	chartype="cleric"
	secondaries = {"strike","cuff","swat"} 
end
cecho("\n&lt;yellow&gt;Character type is " .. chartype.."\n")
end
</script>
				<eventHandlerList />
			</Script>
			<Script isActive="yes" isFolder="no">
				<name>CJH Mana and Group Tracker</name>
				<packageName></packageName>
				<script>-- *** Trigger mana reminders for resting ***
-- Use the +4 because I think they get 5 as the lowest tick but can get a few from spells like vitality or fortify

function tick_tracker()
  if (old_mana + 4) &lt; mana then
  	
		-- some of these i want reminders, others i just want a new prompt
  	x = {20,40,60,75,85,50,70}
  	
  	-- kill the existing timers
  	if tid1 then killTimer(tid1) end
  	if tid2 then killTimer(tid2) end
  	if tid3 then killTimer(tid3) end
  	if tid4 then killTimer(tid4) end
  	if tid5 then killTimer(tid5) end
  	if tid6 then killTimer(tid7) end
  	if tid7 then killTimer(tid7) end
  	
  	-- start new ones
  	if mana &lt; max_mana then 
  		cecho("\n&lt;orange&gt;Mana just increased ... starting timer ...\n")
    	tid1 = tempTimer(x[1], [[cecho("&lt;orange&gt;]]..x[1]..[[ seconds passed since last mana increase.\n");send(" ",false)]])
    	tid2 = tempTimer(x[2], [[cecho("&lt;orange&gt;]]..x[2]..[[ seconds passed since last mana increase.\n");send(" ",false)]])
    	tid3 = tempTimer(x[3], [[cecho("&lt;orange&gt;]]..x[3]..[[ seconds passed since last mana increase.\n");send(" ",false)]])
    	tid4 = tempTimer(x[4], [[cecho("&lt;orange&gt;]]..x[4]..[[ seconds passed since last mana increase.\n");send(" ",false)]])
    	tid5 = tempTimer(x[5], [[cecho("&lt;orange&gt;]]..x[5]..[[ seconds passed since last mana increase!\n");send(" ",false)]])
    	tid6 = tempTimer(x[6], [[send(" ",false)]])
  		tid7 = tempTimer(x[7], [[send(" ",false)]])
  	else
  		cecho("\n\n&lt;orange&gt;Mana just increased to &lt;white&gt; MAX &lt;orange&gt; use it!...\n")
  	end
  end
end

-- *** Trigger mana reminders for resting ***
function group_update(last_line)
  clearWindow("group_window")
  lines = getLines(group_start_line,last_line)	
	for i = 1, #lines, 1 do
  	--cecho("group",lines[i]:sub(1,20))
  	str = lines[i]
  	cecho("group_window", str:sub(1,40) .. "\n")
  end
	is_group_tracking = false -- if you forget this you have an infinite loop
end</script>
				<eventHandlerList />
			</Script>
			<Script isActive="yes" isFolder="no">
				<name>CJH Spells</name>
				<packageName></packageName>
				<script>
-- *** Generic script to break apart the spell and the object
-- I need to iprove this with an OR in the regexp (maybe)

function parseMatches()

  local bVerbose = false
	local spell = ""
	local object = ""
	local total

  --print("Calling parse matches ...")

  total = matches[1]
  
  -- until i fix it better there are only three cases that should be allowed
  if total:len()== 3 then
    -- already done - both are ""
  elseif matches[5] ~= nil then
  	-- only one argument
  	spell = matches[5]
  else
  	-- two arguments
  	spell = matches[3]
  	object =matches[4]
  end
	
  if bVerbose then
  	print("Universal Detect - Length of regexp is "..total:len())
    local i
    for i = 1,5 do
    	if matches[i] == nil then print ("Matches " .. i .. " is NIL")
    	else print("Matches " .. i .. " is " .. matches[i])
    	end
    end
  end
	return spell, object
end

-- general cast detection spells
function castdetect(char,object) 
  local spell="magic"
  if char=='i' then spell='invis' end
	if char=='h' then spell='hidden' end
	if char=='m' then spell='magic' end
	if char=='e' then spell='evil' end
	if char=='p' then spell='poison' end
	if char=='u' then spell='undead' end

	if char=="" and object=="" then
		cecho("&lt;light_slate_blue&gt; Detect with no arguments\n")
	elseif object=="" then
		cecho("&lt;light_slate_blue&gt;The spell is: &lt;red&gt;detect "..spell.."&lt;green&gt; with &lt;red&gt;no &lt;green&gt;target " .. object.."\n")
	else
		cecho("&lt;light_slate_blue&gt;The spell is: &lt;red&gt;detect "..spell.."&lt;green&gt; with &lt;green&gt;target &lt;red&gt;" .. object.."\n") 
	end
	send("cast 'detect ".. spell .. "' " .. object)
end

-- general cast heal/harm spells.  They take two arguments, and the alais has to curate them
-- 4/13/2019 CJH
function castharm(char,object) 
  local spell="cause light"
  if char=='cl' then spell='cause light' end
	if char=='cs' then spell='cause serious' end
	if char=='cc' then spell='cause critical' end
	if char=='bu' then spell='burden defense' end
	if char=='bl' then spell='blindness' end
	if char=='po' then spell='poison' end
	if char=='cu' then spell='curse' end
	if char=='le' then spell='lethargy' end
	if char=='ha' then spell='harm' end
	if char=='de' then spell='dispel evil' end
	if char=='un' then spell='banish undead' end
	
	
	if char=="" and object=="" then
		cecho("&lt;light_slate_blue&gt;*Cast harm with no arguments\n")
	elseif object=="" then
		cecho("&lt;light_slate_blue&gt;*Harming spell is: &lt;red&gt;"..spell.."&lt;green&gt; with &lt;red&gt;no &lt;green&gt;target " .. object.."\n")
	else
		cecho("&lt;light_slate_blue&gt;*Harming spell is: &lt;red&gt;"..spell.."&lt;green&gt; with &lt;green&gt;target &lt;red&gt;" .. object.."\n") 
	end
	send("cast '" .. spell .. "' " .. object)
end

function castweal(char,object) 
  local spell="cure light"
  if char=='cl' then spell='cure light' end
	if char=='cs' then spell='cure serious' end
	if char=='cc' then spell='cure critical' end
	if char=='cb' then spell='cure blindness' end
	if char=='bl' then spell='cure blindness' end
	if char=='po' then spell='cure poison' end
	if char=='cp' then spell='cure poison' end
	if char=='rc' then spell='remove curse' end
	if char=='cu' then spell='remove curse' end
	if char=='rh' then spell='remove hex' end
	if char=='mi' then spell='minor invocation' end
	if char=='ma' then spell='major invocation' end
	if char=='ar' then spell='armor' end
	if char=='bl' then spell='bless' end
	if char=='pr' then spell='protection' end
	if char=='sa' then spell='sanctuary' end
	if char=='he' then spell='heal' end
	if char=='fo' then spell='fortify' end
	if char=='be' then spell='benediction' end
	if char=='sa' then spell='sanctuary' end
	
	
	if char=="" and object=="" then
		cecho("&lt;light_slate_blue&gt;*Cast weal with no arguments\n")
	elseif object=="" then
		cecho("&lt;light_slate_blue&gt;*Wealing spell is: &lt;red&gt;"..spell.."&lt;green&gt; with &lt;red&gt;no &lt;green&gt;target " .. object.."\n")
	else
		cecho("&lt;light_slate_blue&gt;*Wealing spell is: &lt;red&gt;"..spell.."&lt;green&gt; with &lt;green&gt;target &lt;red&gt;" .. object.."\n") 
	end
	send("cast '" .. spell .. "' " .. object)
end</script>
				<eventHandlerList />
			</Script>
			<Script isActive="yes" isFolder="no">
				<name>CJH Fight Tracker</name>
				<packageName></packageName>
				<script>  -- *** Updated version of the fight tracker to use lua tables and be much cleaner ***
	-- 5/28/2019
	
function fight_club(line)
  -- *** Fighting specific - keep track of HP loss throughout fight ***
  fight_string = "\&lt;\&gt;"  -- PUT THIS UNIQUE STRING IN THE FPROMPT SO WE CAN CATCH IT
  if string.match(line,fight_string) then is_fighting = true else is_fighting = false end
  
	-- *** Starting a new fight ***
  if (was_fighting == false and is_fighting == true) then
		start_time = getEpoch()  -- start time so we can see how long each round took
		start_time_string = getTime(true, "hh:mm:ss")  -- human readable start time for the report
		start_xp = xp  -- XP at the start of the fight - set in the prompt trigger
		start_hp = old_hp   -- HP at the start of the fight - set in the prompt trigger
		-- reset all the fight related variables
  	round = 0
  	secondary_counter = 0
		disarm_counter = 0
  	total_loss = 0
		hit_counter = 0
		pipe_counter = 0
		elapsed_time = 0
		pipe_char = "  "
		was_hit = false
		quaff_counter = 0
		was_quaffed = false
  	current_enemy = string.match(line,"%(([%w%s]+)")
  	if current_enemy == nil then current_enemy = "" end  --that match may fail
		--enemy = "'".. current_enemy .. "'"
		enemy = current_enemy:match("%s*(%S+)$")  -- can change this for the secondaries until i know how to change a target - just use alias "enemy X"
		line_number = getLastLineNumber("main")
		line_zero = old_line_number  -- can't get the initial round damage w/o storing this somehow, so get from the prompt trigger
		
		-- Going to use line number, elapsed time, hp, round, pipe char, was_hit...
		fight_table = {}
		fight_table[round] = {line_number, elapsed_time, round, hp, old_hp-hp, pipe_char, parse_enemy_condition(line), was_quaffed, ""}
  end -- end start of a fight
	
	
  -- *** During a fight ***
  if is_fighting == true then
		round = round + 1
		elapsed_time = getEpoch() - start_time
		--was trying to keep track of fractional rounds but i'm not sure if it matters
		if string.match(line,"|") then
			_, count = string.gsub(line, "|", " ")
			if count == 2 then pipe_char = "||" else pipe_char = " |" end
			pipe_counter = pipe_counter + 1
		else
			pipe_char = "  "
		end
		
		was_hit = false
  	if (hp-old_hp) &lt; 0 then 
			hit_counter = hit_counter +1
			total_loss = total_loss + (old_hp-hp)
			was_hit = true 
		end
		  	
  	--Let's not die if we can help it - quaff a heal potion from the rucksack
		was_quaffed = false
  	if hp &lt; 50 then
			send("cast refuge")
			send("flee")
		elseif hp &lt; 200 then 
  		send("quaff violet ruck")
			quaff_counter = quaff_counter +1
			was_quaffed = true
  	else
  	  -- cycle through the secondary attacks to see how they do. what should the default wait be?  1s?
			-- i'm told only circle, the vampire thing and the mage thing are actually any good.
  		--if (math.floor(round) % 3 == 0) then
			  if (elapsed_time-previous_time &gt; 2.0) then
  		  send(secondaries[1+(secondary_counter % table.getn(secondaries))] .. " " .. enemy)
  			--send(secondaries[4])
  			secondary_counter = secondary_counter + 1
  		end
  	end
		fight_table[round] = {line_number, elapsed_time, round, hp, old_hp-hp, pipe_char, parse_enemy_condition(line), was_quaffed, ""}
  end -- end of each round of a fight
	
	
  -- *** End of a fight ***
  if (was_fighting == true and is_fighting ==false) then

		elapsed_time = getEpoch() - start_time
		round = round + 1
		fight_table[round] = {line_number, elapsed_time, round, hp, old_hp-hp, pipe_char, parse_enemy_condition(line), was_quaffed, ""}
		display_fight_table()
		elapsed_time = 0
  end  -- end of a fight
	
	-- cleanup
	was_fighting = is_fighting
	previous_time = elapsed_time
	
--cecho("Round: " .. round .. "\n")
end</script>
				<eventHandlerList />
			</Script>
			<Script isActive="yes" isFolder="no">
				<name>CJH Format Fight Results</name>
				<packageName></packageName>
				<script>  -- *** Print Fight Results***
	-- 5/28/2019
	
function display_fight_table() 
	
 	cecho("\n\n&lt;green&gt;*** &lt;white&gt;FIGHT REPORT vs. " .. current_enemy .." &lt;green&gt;****\n")
	cecho("&lt;green&gt;Begin: &lt;white&gt;" .. start_time_string .."\t&lt;green&gt;HP: &lt;white&gt;" .. 
  		string.format("%.3d",tostring(start_hp)) .. "&lt;green&gt;  Loss: &lt;white&gt;" .. string.format("%.3s","---") .."\n")
		
		-- fight_table[round] = {line_number, elapsed_time, round, hp, old_hp-hp, pipe_char, enemy condition, was_quaffed, ""}
		cecho("&lt;green&gt;Ln: &lt;white&gt;".. fight_table[1][1].. "&lt;green&gt; Time:&lt;white&gt;" .. string.format("%5.1f",fight_table[1][2]) .. 
				"&lt;green&gt; Rnd: &lt;white&gt;" .. string.format("%2d",fight_table[1][3]) .. fight_table[1][6] ..
				"&lt;green&gt; HP: &lt;white&gt;" .. string.format("%3d",fight_table[1][4]) .. "&lt;green&gt; Loss: &lt;white&gt;" .. string.format("%3d",fight_table[1][5]) .. 
				"&lt;green&gt; DmRec: &lt;white&gt;" .. string.format("%7s",parse_damage_received(line_zero,fight_table[1][1])) .. "&lt;green&gt; DmDlt: &lt;white&gt;" .. 
				string.format("%7s",parse_damage_dealt(line_zero,fight_table[1][1])) .. 
				"&lt;green&gt; Cond: &lt;red&gt;" .. fight_table[1][7] .. "\n")

		for i=2,round,1 do
			-- there was a weird error where a round was skipped (when a new enemey butted in?), so i probably have to check for it existing
			if fight_table[i][1] then 
  			cecho("&lt;green&gt;Ln: &lt;white&gt;".. fight_table[i][1].. "&lt;green&gt; Time:&lt;white&gt;" .. string.format("%5.1f",fight_table[i][2]) .. 
  				"&lt;green&gt; Rnd: &lt;white&gt;" .. string.format("%2d",fight_table[i][3]) .. fight_table[i][6] ..
  				"&lt;green&gt; HP: &lt;white&gt;" .. string.format("%3d",fight_table[i][4]) .. "&lt;green&gt; Loss: &lt;white&gt;" .. string.format("%3d",fight_table[i][5]) .. 
  				"&lt;green&gt; DmRec: &lt;white&gt;" .. string.format("%7s",parse_damage_received(fight_table[i-1][1],fight_table[i][1])) .. "&lt;green&gt; DmDlt: &lt;white&gt;" .. 
  				string.format("%7s",parse_damage_dealt(fight_table[i-1][1],fight_table[i][1])) .. 
  				"&lt;green&gt; Cond: &lt;red&gt;" .. fight_table[i][7] .. "\n")
  		end
		end
		
		cecho("&lt;green&gt;Average HP loss per round vs. " .. current_enemy .." is &lt;white&gt;" .. string.format("%.1f",(total_loss/round)) .. "&lt;green&gt;.\n")
		if hit_counter &gt; 0 then
			cecho("&lt;green&gt;Average HP loss per hit is &lt;white&gt;" .. string.format("%.1f",(total_loss/hit_counter)) ..
				 "&lt;green&gt; with a hit probability of &lt;white&gt;".. string.format("%.2f",(hit_counter/round)) .."&lt;green&gt; per round.\n")
		end
		cecho("&lt;green&gt;Approximate total HP loss was &lt;white&gt;" .. (total_loss).. " &lt;green&gt;in &lt;white&gt;" .. round .. 
			" &lt;green&gt;rounds with a total XP gain of &lt;white&gt;".. string.format("%6d",start_xp-xp).."&lt;green&gt;.\n")
		
		if is_disarmed == true then disarm_string = "" else disarm_string = "not " end
  	cecho("&lt;green&gt;You were disarmed &lt;white&gt;".. disarm_counter .." times &lt;green&gt;and you quaffed &lt;white&gt;" .. quaff_counter .. "&lt;green&gt; times.\n")
		send(" ")
end

-- *** Let's get a sense of how much damage is reflected by the descriptions ***
function parse_damage_received(l1,l2)
	local lines = getLines(l1,l2)	
  local damages = ""
	local matches = 0
	for i = 1,#lines,1 do
	  if string.match(lines[i],"%s(%w+)%syou%p") and not string.match(lines[i],"misses") then 
			matches = matches + 1
			if matches &gt; 1 then damages = damages .. " " end
			damages = damages .. string.match(lines[i],"%s(%w+)%syou%p"):sub(1,3) 	 
		end
	end
  return damages
end

function parse_damage_dealt(l1,l2)
	local lines = getLines(l1,l2)	
  local damages = ""
	local matches = 0
	for i = 1,#lines,1 do
		-- the regexp has to take care of punctuation, underscores and asterisks	
	  if string.match(lines[i], "Your%s%w+%s%W*(%w+)") and not string.match(lines[i],"misses") then 
			matches = matches + 1
			if matches &gt; 1 then damages = damages .. " " end
			damages = damages .. string.match(lines[i], "Your%s%w+%s%p*(%w+)"):sub(1,3)  
		end
	end
  return damages
end

function parse_enemy_condition(l1)
  local condition = "--"
	if string.match(l1,":([%w%s]+)%)") then condition = string.match(l1,":([%w%s]+)%)") end
	if condition == "perfect health" then condition = "ph" end
	if condition == "slightly scratched" then condition = "ss" end
	if condition == "few bruises" then condition = "fb" end
	if condition == "some cuts" then condition = "sc" end
	if condition == "several wounds" then condition = "sw" end
	if condition == "nasty wounds" then condition = "nw" end
	if condition == "bleeding freely" then condition = "bf" end
	if condition == "covered in blood" then condition = "cb" end
	if condition == "leaking guts" then condition = "lg" end
	if condition == "almost dead" then condition = "ad" end
	if condition == "DYING" then condition = "dy" end
  return condition
end
</script>
				<eventHandlerList />
			</Script>
			<Script isActive="yes" isFolder="no">
				<name>CJH Geyser UI Windows</name>
				<packageName></packageName>
				<script>-- Trying to use geyser to contain stuff on the top right of the Mudlet window
-- 6/2/2019 CJH
-- Adding container, group window, chat window
-- Todo: add health/mana labels, mana countdown labels, stats?

-- make a container on the right
right_container = Geyser.Container:new({
  name = "right_container",
  x=-300, y="0%",                    -- makes the container start 20% of the screen away from the right side
  width = 280, height="40%",      -- filling it up until the end
})
right_container:flash()

-- populate it with a top and a bottom container
right_container_top = Geyser.Container:new({
  name = "right_container_top",
  x=0, y=0,                     -- this container occupies the top, so it starts top-right as well
  width = "100%", height="30%", -- but only uses up half of the height
}, right_container)              -- this is the important bit - it says that right_container_top should be inside right_container
tempTimer(2,[[right_container_top:flash()]])
right_container_bottom = Geyser.Container:new({
  name = "right_container_bottom",
  x=0, y="30%",                 -- this container starts halfway down the first one
  width = "100%", height="100%", -- and has the same half height of the original container
}, right_container)
tempTimer(4,[[right_container_bottom:flash()]])

-- make a miniconsole for groups on the top
group_window = Geyser.MiniConsole:new({
  name="group_window",
  x=0, y=0,
  --autoWrap = false,
  wrap = false,
	color = "saddle_brown",
  scrollBar = false,
  fontSize = 8,
  width="100%", height="100%",
},right_container_top)
clearWindow("group_window")
group_window:echo("group window - top\n") -- that is 10 letters

-- make a miniconsole for chats on the bottom
chat_window = Geyser.MiniConsole:new({
  name="chat_window",
  x=0, y="1%",
  autoWrap = true,
	fgColor = "green",
  color = "midnight_blue",
  scrollBar = false,
  fontSize = 8,
  width="100%", height="100%",
},right_container_bottom)
clearWindow("chat_window")
chat_window:echo("chat window - bottom\n") 

-- I think I prefer the dockable mapper window
--[[local main = Geyser.Container:new({x=-300,y="50%",width=280,height="100%",name="mapper container"})
local mapper = Geyser.Mapper:new({
  name = "mapper",
  x = 0, y = 0, -- edit here if you want to move it
	scrollbar = true,
  width = "100%", height = "100%"
}, main)
main:hide()
mapper:hide()
]]--</script>
				<eventHandlerList />
			</Script>
		</ScriptGroup>
	</ScriptPackage>
	<KeyPackage />
	<VariablePackage>
		<HiddenVariables />
	</VariablePackage>
</MudletPackage>
